{"workdir": "/home/vblinux/.hermes/profiles/dt_orchestrator/reports", "created_at": 1779264403.3720803, "last_touch": 1779268237.9583724}